{
    "dzedbaradzed_unabombermanifesto_menu_title": "Unabomber Manifesto over legal text",
    "dzedbaradzed_unabombermanifesto_menu_desc": "The Industrial Revolution and its consequences have been a disaster for the human race",
    "dzedbaradzed_unabombermanifesto_type_title": "Text",
    "dzedbaradzed_unabombermanifesto_type_desc": "Introduction - the first four paragraphs of the Manifesto",
    "dzedbaradzed_unabombermanifesto_type_1": "Random quote",
    "dzedbaradzed_unabombermanifesto_type_2": "Introduction",
    "dzedbaradzed_unabombermanifesto_type_3": "First sentence",
    "dzedbaradzed_unabombermanifesto_font_title": "Font size",
    "dzedbaradzed_unabombermanifesto_font_desc": ""
}