{
    "dzedbaradzed_unabombermanifesto_menu_title": "Unabomber Manifesto over legal text",
    "dzedbaradzed_unabombermanifesto_menu_desc": "Индустриальная революция и её последствия стали бедствием для человеческой расы",
    "dzedbaradzed_unabombermanifesto_type_title": "Текст",
    "dzedbaradzed_unabombermanifesto_type_desc": "Введение - первые четыре абзаца манифеста",
    "dzedbaradzed_unabombermanifesto_type_1": "Случайная цитата",
    "dzedbaradzed_unabombermanifesto_type_2": "Введение",
    "dzedbaradzed_unabombermanifesto_type_3": "Первое предложение",
    "dzedbaradzed_unabombermanifesto_font_title": "Размер шрифта",
    "dzedbaradzed_unabombermanifesto_font_desc": ""
}